hard_word,easy_word,example
가격대,가격 범위,원하시는 가격대가 어느 정도인지요?
가공주,물탄주,주식회사의 설립이나 합병에서 현물 출자(現物出資) 따위의 취득 재산을 일부러 과대평가하여 발행한 주식은 가공주다.
가늠값,패리티 가격,지금의 상황으로는 이 주식의 값이 오를 것인지 가늠을 할 수 없다.
가도,운송업자나 창고업자들이 선하 증권이나 창고 증권을 나중에 받기로 하고 물품을 먼저 내주는 일.,운송업자나 창고업자들이 선하 증권이나 창고 증권을 나중에 받기로 하고 물품을 먼저 내주는 일
가맹 업체,"동맹이나 연맹, 단체에 가입한 업체.",카드사와 제휴를 맺은 가맹업체들은 할인 및 적립에 따른 비용 부담을 지는 대신 카드사로부터 고객 정보를 제공받고 있다.
가변비,변동 비,가변비는 일정 기간 동안 생산 설비를 이용하는 정도와 관계있는 비용이다.
가산법,공제 법,부가 가치란 운수 활동을 통하여 새로이 창출한 가치로서 이 조사에서는 부가 가치 항목을 합산하는 가산법에 의하여 부가 가치를 산정한다.
가수급,다른 사람의 주식이나 자금을 빌려 주식을 사고파는 일.,대주 제도는 증권 시장 측면에서는 주식 매수에 필요한 자금을 지원하는 융자와 주식 매도에 필요한 주식을 빌려주는 대주의 균형적인 발달을 통해 주식 시장에 가수급을 조절할 수 있다.
가주,임시 주권,판결에 따라 가주를 부여한다.
가트,관세 무역 일반 협정,가트에 따르면 이 계약은 폐지입니다.
감채,빚을 갚아 나가며 줄임.,빛을 갚아 나가며 줄임
개념주,기업의 실질적인 가치보다 시장 전망 따위를 고려할 때 성장성이나 수익성이 클 것으로 예상되는 종목의 주식.,지난 2일과 4일 미국 증시가 급락하면서 중국의 개념주들이 빠져나가고 기타 종목들이 그 자리를 대신했다.
개미,개미 투자자,개미들이 아닌 일부 큰손이 주식 시장을 좌우하고 있다.
거래 원,증권 회원,차량 일지와 수량과 매매한 상인만 알면 물건이 나온 곳과 거래원을 알아내는 것은 쉬운 일이다.
가증금,웃돈,구하기 힘든 약이라 웃돈을 주고 특별히 주문해서 사 왔다.
가치재,메리트재,가치재(merit goods)란 민간부문에서 생산․ 공급되고 있으나 이윤극대화 논리에 따른 생산량이 최적수준에 미치지 못하여 정부가 직접 공급에 개입하는 재화를 의미한다.
간접비,공통 비용,"여러 가지 제품의 생산에 공통적으로 소요되는 비용. 간접 재료비, 간접 노동비, 간접 경비 따위가 이에 속한다."
간접환,간접 어음,제삼국의 중계를 통하여 거래되는 외국환 어음을 간접환이라 한다.
갑구,"부동산 등기부에서, 대상 부동산의 소유권에 관한 사항을 기재하는 부분",갑구에서는 해당 부동산의 소유권을 표시합니다.
갑판적,갑판 적재,갑판적 화물에 대한 운송인의 책임범위
개량물,"인공의 힘이 가미되어 개량된 토지 위에 설치한 물건. 도로, 잔디, 전선 따위의 모든 인공물이 포함됨","토지개량물이란 항구적인 토지부가물을 말하며 토지, 노동, 자본을 결합하여 토지개량물을 생산하는 활동을 부동산개발이라고 한다."
개장일,1년 중 처음으로 증권 시장을 열어 업무를 시작하는 날.,올해는 1월 2일이 일요일이라서 3일이 증권 시장의 개장일이다.
개입점,고정 환율 제도하에서 국가가 개입해야 하는 환율 변동 폭의 상한선과 하한선.,개입점이 자주 나타난다.
건가,거래소에서 이루어지는 매매의 약정 가격.,건가가 너무 높게 잡혔다.
건망주,양수인이 기명 주식의 명의 변경을 잊어버려서 전 주인인 양도인에게 할당되는 신주.,건망주가 생겼다.
거치,"공채, 사채 따위를 갚는 일이나 채권자에게 내어주는 일을 일정 기간 동안 하지 않는 일.",3년 거치 5년 상환 조건으로 돈을 융자하다.
거치식,"공채, 사채 따위의 상환이나 지급을 일정한 기간 하지 않는 방식.",대출 한도는 2000만 원이며 거치식으로 상환할 경우 1000만 원까지 대출할 수 있다.
건주,거래소에 상장된 주식.,건주를 한 번 둘러보세요.
건주,현재 매매가 약정되어 있는 주식.,건주를 매매할 날을 정해봅시다.
검량사,물건의 부피나 무게가 바르게 측정되었는지를 살펴보는 일을 직업으로 하는 사람.,"검수사, 감정사, 검량사는 국제무역을 할 때 화물의 품질 및 수량을 직접 확인하고 입증하여 국제무역 분쟁에서 중요한 공증적 증명 역할을 합니다."
검수,"화물을 본선에 싣거나 내릴 때, 그 화물의 개수를 계산하고 훼손 여부를 점검하는 일.",밤새 시달린 어부들은 선장으로부터 어획량에 대한 검수를 확인받고는 하나둘 선실로 들어가서 나동그라졌다.
검수표,화물을 본선에 싣거나 내릴 때 그 화물의 개수나 훼손 유무를 점검하였음을 증명하여 보이는 표.,검수표 확인은 철저해야 한다.
검재인,소재 장소에서 출하되어 보세 지역의 부두 가치장에 들여온 수출 화물의 용량을 전문적으로 검사하는 사람.,새로 온 검재인은 너무 깐깐하다.
검정인,선적 화물이 손상되었을 때 그 상태의 검사 및 감정을 전문적으로 하고 검정 보고서를 작성하는 사람.,검정인은 꼼꼼한 성격을 가져야 한다.
게걸음,주가가 일정 기간 크게 상승하거나 하락하지 않고 게가 걷는 것처럼 변동 없이 이어지는 상태.,사업이 영 게걸음만 치고 있다.
게이레츠,일본의 기업 집단을 이르는 말.,게이레츠는 일본어로 계열이라고 한다.
게이트,"컨테이너 터미널에서 화주, 수화인, 운송인, 운송 대리인과의 운송 확인 및 관리 책임 변경이 되면서 컨테이너 및 컨테이너 화물을 인수하거나 인도하는 곳.",8번 게이트에서 화물 운송이 일어나고 있다.
게젤샤프트,개인의 이해타산에 의하여 결합된 사회.,게젤 샤프트는 독일의 사회학자 페르디난트 퇴니스가 게마인샤프트(gemeinschaft)에 대비되는 개념으로 주장한 것이다.
격탁매매,"예전에, 거래소에서 딱따기를 쳐서 약정 가격을 성립시키던 매매 형식.",격탁매매(call trading) 예전 거래소에서 딱따기를 쳐서 주식 약정 가격을 성립시키던 매매를 말한다
견고지면,물자를 저장하기 위하여 단단하게 만든 지면.,주차장을 만들기 위해서는 좋은 견고지면이 필요하다.
견적가,공매할 때에 세무서장 등이 팔 수 있는 재산의 객관적인 시가를 기준으로 하여 결정한 최저 가격.,하자 보수 신청이 들어오면 1차로 가정집을 방문해서 하자 보수의 내용을 설명하고 즉시 견적가를 산출해서 고객에게 알려 준다.
견적액,운임에서 화물에 해당하는 비용을 파악하기 위해 견적을 낸 금액.,견적액이 너무 크다고 상대측에서 항의가 들어왔다.
견조,주가의 시세가 내리지 않고 높은 상태에 계속 머물러 있음.,대량 거래가 지속되고 있었기 때문에 승호는 여전히 견조의 수준이라는 판단을 내리고 주식의 매도를 미루었다.
결별점,"경제 성장 효용 체감 곡선에서, 행복 수준이 소득 수준과 서로 관계가 없어지는 지점.","결별점은 경제 성장의 효과가 급격히 감소하는 지점으로, 소득 수준이 높아지더라도 국민의 행복에는 큰 변화가 없다."
결손금,일정한 기간 동안 수입보다 지출이 많아서 생긴 손실의 금액,"90년도 세계 잉여금은 통화의 안정적 관리를 위해 재정 증권이자, 외국환 평형 기금 결손금 보전 등 국가 채무 상환에 우선적으로 사용키로 했다."
결제,증권 또는 돈을 주고받아 사고파는 당사자 사이의 거래 관계를 끝맺는 일.,아버지는 돌아오는 어음의 결제를 거부했다.
결제소,증권 거래소가 증권 거래를 집행하기 위하여 설립한 기관.,아침 일찍 결제소에서 업무를 보고 돌아왔다.
겸업주의,하나의 금융 기관이 예금 대출 업무부터 증권 관련 업무까지 모든 금융 업무를 수행할 수 있는 제도.,겸업주의는 금융회사가 은행ㆍ증권ㆍ보험 등 여러 금융서비스를 취급하도록 허용한다. 이에 반해 전업주의는 은행ㆍ증권사ㆍ보험사 등이 각각 고유의 서비스만 제공한다.
겹곱수,경제 분석에 이용하는 수치의 하나.,겹곱수는 경제 분석에 이용하는 수치의 하나. 투자 증가분이 소득 증가에 미치는 효과와 그 소득 증가가 일으키는 효과를 종합하여 나타낸다.
겹리,복리법으로 계산된 이자.,겹리로 계산하세요.
겹악재,증권 거래소에서 시세 하락의 원인이 겹쳐서 나타나는 조건.,"일본 증시가 엔고와 지표, 실적 부진 등의 겹악재로 이틀째 하락세다."
겹호재,"증권 따위의 거래에서, 시세 상승의 요인이 되는 둘 이상의 조건.",전날 코스피는 글로벌 겹호재로 급등세를 나타냈다.
경과물,이미 발행이 완료된 채권.,회사채 시장은 전날과 다름없이 한산했다. 신규 발행 물량이 거의 없었고 경과물도 많지 않았다.
경기,매매나 거래에 나타나는 호황ㆍ불황 따위의 경제 활동 상태.,가 회복되어 수출이 활기를 띠고 있다.
경기주,경기의 상태에 민감한 영향을 받는 산업의 주식.,투자자들은 기술주를 팔아 금융주와 경기주를 매수하는 양상을 뚜렷하게 보여 줬다.
경매매,물건을 사고파는 방법의 하나.,경매매를 통해서 그림이 팔렸다.
경매업체,경매와 관련된 일에 종사하는 기업체.,재단은 해당 그림을 2010년 한 미술품 경매업체를 통해 180만 원에 구입했다.
경매제,경쟁이 붙은 물품이나 사업 따위에서 가장 높은 가격 또는 가장 적절한 계획을 제시하는 사람이나 단체에게 소유권을 주는 제도.,반면에 경매제는 특정 사업자가 제시한 금액에 대해 더 이상의 제시액이 없을 때까지 입찰을 계속해 최고가를 제시한 사업자를 선정하는 방식.
경비율,"보험에서, 수입 보험료에 대한 사업비의 비율.",국세청은 80개 업종의 단순 경비율은 높였고 28개 업종은 낮췄다.
경사생산,기초 산업의 생산을 회복한 다음 다른 산업의 생산 확대를 도모하는 방식.,경사생산(傾斜生産)은 철강·석탄 등 생산 기반을 확립하기 위하여 가장 기초적이며 결여될 수 없는 물자의 생산에 중점을 두고 그 밖의 물자에 대해서도 같은 관점에서 그 중요도에 따라 집중적으로 생산하는 방식을 말한다.
경원,‘경제 원조’를 줄여 이르는 말.,그 나라는 전쟁 이후 파탄이 난 경제를 외국의 경원을 통해서 극복했다.
경쟁값,완전한 자유 경쟁이 행해지는 시장에서 수요자나 공급자가 서로 경쟁함으로써 이루어지는 가격.,그 업체는 경쟁값을 놓쳐 사업에 실패했다.
경쟁도,과점 기업 간의 경쟁의 정도.,자동차의 수요층이 폭발적으로 확대되면서 자동차 회사들의 판매 경쟁도가 갈수록 높아지고 있다.
경쟁업,비슷한 종류의 사업 영역에서 서로 경쟁이 이루어지는 사업.,기술 진보로 경쟁업 전환 토대가 만들어지면서 증권을 반드시 한 기관에서만 관리할 필요가 없어지게 됐다는 것이다.
경제,인간의 생활에 필요한 물건이나 노동을 생산ㆍ분배ㆍ소비하는 모든 활동. 또는 그것을 통하여 이루어지는 사회적 관계.,요즘 서민들은 경제 사정이 좋지 않다.
경제권,국제적ㆍ국내적으로 여러 가지 경제 활동이 뚜렷하게 교류되고 있는 일정한 범위 안의 지역.,강대국들은 약소국의 경제권과 사법권을 빼앗아 식민지로 삼았다.
경제력,경제 행위를 하여 나가는 힘.,부동산 경기의 침체에도 불구하고 최 노인은 아직도 그 바닥에서 경제력이 있는 인물로 통한다.
경제비,국가가 국민 경제의 발전을 위하여 지출하는 경비.,이번 년도 예산에서 경제비가 늘었다.
경제사,경제 발전의 역사.,이 책은 우리나라의 역사를 특히 경제사 중심으로 서술하고 있다.
경제사,경제 활동의 역사를 연구하는 학문.,경제사는 지루하다.
경제사상,인류가 재화를 획득하고 사용함으로써 생활을 유지하고 향상시키려는 사상.,친구는 위대한 개혁 사상가였던 조선의 이이와 중국 북송 시대의 왕안석의 경제 사상을 통해 대안적 경제론을 모색하고 있다 한다.
경제사적,경제사와 관련되는. 또는 그런 것.,경제사적인 면에서 볼 때 윤리의 문제는 경제 발전 단계에 따라 그 내용이 다양하다.
경제사학,경제 활동의 역사를 연구하는 학문.,이것은 76경제사학-계81년 유럽 대륙의 경제사학계를 진동시킨 유명한 논쟁이다.
경제생활,사람이 살아가는 데 필요한 재화나 용역을 생산ㆍ교환ㆍ분배ㆍ소비하는 모든 활동.,"노동은 모든 경제생활 내지 사회생활의 기초요, 그러므로 존귀한 것이다."
경제인,경제계에서 활동하는 사람.,국내의 주요 경제인들이 한자리에 모여 국가 경제가 처한 문제를 이야기했다.
경제재,경제적 가치를 가지며 점유나 매매 같은 경제 행위의 대상이 되는 재화.,경제재(經濟財)의 성격이 강한 프로그램의 저작권은 양도가 가능하다.
경제주의,경제적 이익을 무엇보다 중시하여 경제 정책을 합리적으로 실현하려는 사상.,스탈린의 사회주의 생산 양식론 또한 생산력주의-경제주의에 빠져들었다고 그는 비판하고 있다.
경제특구,일반 지역과는 달리 경제 면에서 특별 우대 정책이 적용되는 지역.,만일 경제특구로 동북아 경제 중심지를 건설하려면 한국 전체를 경제특구로 만들어야 될 것이다.
경제표,경제 순환의 전 과정을 그림으로 나타낸 표.,경제표로 공부하면 직관적으로 공부할 수 있다.
경제학,경제 현상을 분석하고 연구하는 학문.,인간은 합리적인 선택을 할 줄 알고 시장은 늘 효율적이라는 기본 전제에서부터 세금 인상은 기업 활동을 위축시키며 외국인 노동자의 유입은 국내 일자리를 줄이고 무역은 모두에게 이득이 된다는 논리는 경제학을 배운 많은 사람에게는 상식처럼 받아들여진다.
경제학계,경제학과 관련된 연구 및 저술에 종사하는 학자들의 활동 분야.,"이 기관지는 한국 경제학계의 사학 전공자들의 연구 논문, 실태 분석 보고 등을 내용으로 하고 있다."
경조,거래 시장에서 살 사람이 많아 가격이 오르는 형세.,이 주식은 경조다.
경조전신환,경조전보에 곁들여서 축하금이나 조의금을 부치는 전신환.,경조전신환은 각종 축하금이나 조위금등을 경조용통신문과함께 송달하는제도다.
경착륙,활기를 띠던 경기가 갑자기 침체되면서 주가가 폭락하고 실업자가 급증하는 일.,경기의 경착륙이 우려된다.
경통화,언제든지 금이나 다른 화폐로 바꿀 수 있는 화폐.,"경통화에는 미국의 달러, 스위스의 프랑이 있다."
경합성,소비자가 늘어나면 기존 소비자의 소비량은 줄어드는 속성.,흔히 자산에는 경합성이 있다고 한다.
경합재,한 사람이 재화나 서비스를 소비하면 다른 사람이 그 재화나 서비스를 소비할 수 있는 양이 감소하는 재화.,경합재의 반대말은 공공제이다.
경험급,근무 연수를 인정하여 지급하는 임금.,대리님은 경험금 얼마 받으셨어요?
경험재,직접 사용해 보아야만 품질이나 특징 따위를 알 수 있는 상품.,우선 연구진은 경험재 관련 포스트가 물질재보다 상대적으로 덜 자기과시적인 형태로 해석 가능해 더 긍정적인 영향을 미친다는 사실을 발견했다.
경험표,생명 보험 회사에서 피보험자의 생존이나 사망 따위의 실제적인 경험을 기초로 하여 만든 사망률에 관한 표.,경험표' 또는 '경험사망표'라고도 한다. ​세계에서 가장 오래된 생명보험회사인 영국의 에퀴터블생명보험사가 1834년에 발표한 '경험생명표'가 세계 최초이다.
경협,‘경제 협력’을 줄여 이르는 말.,양국은 경협의 증대에 합의하였다.
경화,동전,당황한 기분으로 이곳저곳을 뒤졌더니 다행히도 경화까지 합쳐 9천 원을 채울 수 있었다.
경활,"재화나 용역의 생산과 소비, 소득이나 부(富)의 분배 따위의 경제 분야에 관련된 모든 개별적인 행동.",남자 경활참가율은 여자 경활참가율보다 높게 나타난다.
계산 구역,유가 증권을 매매할 때에 전날 후장(後場)과 당일 전장(前場)의 단기 청산 거래의 계산 기간.,계산 구역 값을 확인해보세요.
계선점,선박 회사가 선박을 놀리는 것과 운항 서비스를 시작하는 것을 결정하는 운임 이익의 계산 시점.,"계선점이란 항상 일률적인 것이 아니어서 강한 경쟁력을 유지하고 있는 신조선의 경우에는 대체로 낮고, 선령이 높을수록 높다."
계열,대기업과 중소기업 사이에 볼 수 있는 기업 결합 형태의 하나.,그녀는 대기업 계열의 광고 회사에 취직했다.
계열사,경영주가 같거나 사업 계통이 같아서 서로 밀접한 관련이 있는 회사.,그룹 회장이 계열사 사장단 회의를 소집하였다.
계열주,동일한 계열에 있는 기업들의 주식.,지난주 장외 주요 종목은 대기업 계열주의 하락으로 약세를 보였다.
계열화,기업 사이에 일상적인 거래 관계 이상의 연계가 이루어짐. 또는 그렇게 만듦.,우리 회사는 외국의 금융 업체와 계열화 관계에 놓일 수도 있다.
계장공,"기계, 급배수, 전기, 가스, 위생, 냉난방 등의 공사에서 전문적으로 계기를 설치하거나 점검하는 사람.","산업현장에서 계장공은 자동제어반의 설계, 제작, 유지보수, 현장설치업무를 주로 담당하고 있다."
계절주,계절적 수요 집중과 관련하여 주가 변동이 일시적으로 크게 달라지는 회사의 주식.,"판매량이 여름철에 집중되는 청량음료나 맥주 회사 주식, 연말연시에 인기가 높은 백화점 주식 등이 계절주이다."
계좌군,동일한 목적으로 만들어 운용하고 있는 개인이나 법인명으로 된 다수의 계좌.,이 관계자는 거래소는 금융 거래 정보 요구권이 없기 때문에 계좌주 명의 정도만 파악할 수 있다며 이상 매매 패턴이 보이는 여러 계좌군을 정리해 금융 감독원에 넘겼다고 말했다.
고,"예전에, 여러 사람이 공동 투자로 사업을 할 때에, 이들 투자자가 각각 내던 자본금.",고가 클 수록 사업의 규모가 커진다.
고가주,상장 주식의 주가 평균에 비하여 주가가 높은 주식.,일반적으로 자본금이 적고 기업의 영업 실적이나 업종 내용이 좋은 종목에 고가주가 많다.
공급품,소비자의 요구에 따라 제공하는 물품.,이건 공급품 취급 안해요.
공기업,공업을 위주로 하는 기업,공기업은 공익성을 목적으로 해야 한다.
공기업체,공공의 복지와 밀접한 관계를 가져 정부나 지방 자치 단체가 자금을 대고 경영하는 기업체,요즘 공기업체에 취직하기는 하늘의 별 따기만큼이나 어렵다.
공로주,주식회사에서 그 회사의 설립이나 발전에 공로가 있는 사람에게 무상(無償) 또는 평가(平價)로 주는 주식.,올 초에 아버지는 회사에서 공로주를 받으셨다.
공매,주가 상승에서 생기는 차익금을 노리고 실물 없이 주식을 사는 행위.,국영 아파트가 공매에 부쳐지더라도 거기에는 당국이나 시공업자의 성실성보다는 먼저 소문이 작용을 합니다.
공매도,주가 하락에서 생기는 차익금을 노리고 실물 없이 주식을 파는 행위.,현실적으로 공매도는 허용되고 있지 않다.
공매매,매매할 물건의 시가 변동을 짐작하고 그 차액을 이득으로 하기 위한 매매 거래.,신용 거래에는 공매매에 의한 투기를 방지하기 위해 제한이 가해지고 있다.
공매수,주가 상승에서 생기는 차익금을 노리고 실물 없이 주식을 사는 행위.,올들어 공매수가 급격하게 증가하였다.
공매자,주가 하락에서 생기는 차익금을 노리고 실물 없이 주식을 사는 사람.,이번 규제를 통해 OO가 시장에 강한 메시지를 보낸 후 실제로 몇몇 공매자들은 이미 공매도한 포지션을 주식 매수를 통해 청산했다.
공모,새로 주식이나 사채 따위를 발행할 때에 특정 거래처나 은행 등을 통하지 아니하고 일반에 공개하여 모집하는 일.,OO을 비롯한 총 34개 기업이 4월 말부터 5월까지 코스닥 등록을 위한 공모 일정을 잡아 놓고 있어 5월 중 공모 러시를 예고하고 있다.
공모가,특정 거래처나 은행 등을 통하지 아니하고 다수의 일반에게 매입자를 구하는 주식이나 사채 따위의 가격.,주식 공모에서 주관사가 공모가를 자율적으로 결정할 수 있다.
공모발행,새로 주식이나 사채 따위를 발행할 때에 특정 거래처나 은행 등을 통하지 아니하고 다수의 일반으로부터 모집하는 일.,"펀드 상품 광고에서 적립식 펀드, 성장형 펀드, 공모발행 등 다양한 문구를 볼 수 있다."
공모주,일반에게 널리 투자할 사람을 구하여 발행하는 주식.,아버님께서 A사 공모주를 오천 원씩 6주를 매수했는데 그 후 증서도 잃어 버리고 까먹고 계셨다고 합니다.
공모채,"일반에게 널리 모집하여 발행하는 국채, 지방채, 사채 따위의 채권.",해외 공모채 발행을 통해 저비용 자금 조달로 경쟁력을 키울 방침입니다.
공보험,국가 또는 공적(公的) 기관이 운영하는 보험.,시민 단체들의 공보험에 대한 보험 급여 확대의 목소리가 날로 커지고 있다.
공사보험,공보험과 사보험을 아울러 이르는 말.,한국은행 금융감독원 산업은행 수출입은행 예금보험공사 등 국책 금융 기관의 입사 시험이 대학가에서 ‘금융 고시’로 통하고 있다.
공사부담금,"여러 사람들의 편의를 위한 시설을 설치하고자, 그 시설로 인하여 편익을 받는 사람들로부터 거두어들이는 돈이나 자산.",이번에 도시가스가 들어오는데 공사부담금이 너무 비싸더라.
공사채,"자금의 수요자가 채무자(債務者)로서 발행하는 공채와 사채를 아울러 이르는 말. 국채, 지방채, 금융채, 사업채 따위가 있다.",지금 우리 회사에서 발행한 공사채가 얼마인 줄 알아?
공사합영,"사회주의 국가에서, 국가와 민간이 공동으로 투자ㆍ경영하는 일. 또는 그런 기업. 중국이 자본주의에서 사회주의로의 과도적 경제 제도로서 취한 국가 자본주의의 한 형태이다.",중국 정부는 수백만의 수공업자들을 수공업 생산 합작사로 조직하여 사기업을 공사합영 기업으로 바꾸어 나갔다.
공선복,선박에서 화물의 특성에 따라 적재할 수 없는 공간.,여긴 공선복이에요.
공수,일정한 작업에 필요한 인원수를 노동 시간 또는 노동일로 나타낸 수치. 이를 토대로 표준 노무비를 산출하여 원가 관리의 참고 자료로 이용한다.,공수가 맞아야 공급자들도 먹고살지.
공수표,은행에 거래가 없거나 거래가 정지된 사람이 발행한 수표.,김 사장은 공수표를 발행하고 종적을 감췄다.
공시가액,공개적으로 게시하여 일반에게 널리 알리는 금액.,개인별로 전국에 보유한 주택 공시가액을 합한 금액이 9억 원을 초과할 때만 종부세가 과세된다.
공시율,시중의 지표 금리와 상관하여 예정 이율을 적용할 수 있도록 공표하는 변동 이율.,금감원은 그러나 대부분의 보험사들이 운용 자산 이익률과 관계없이 공시 이율을 정하면서 실제 운용 자산 수익률이 공시율을 밑돌아 경영 악화가 우려되는 상황이 발생하고 있다고 밝혔다.
공시표,"증권 거래소에서, 매일매일 거래의 종별마다 거래원과 회원의 수도(受渡) 기일별로 그 매매고를 발표하는 표.",공시표를 보면 이 주식은 안돼요.
공신용,국가의 지급 의사와 지급 능력에 대한 대부 자본가ㆍ자금 소유자의 신뢰.,공신용도 없는 주제에 무슨.
공어음,실제의 상거래가 없이 순수하게 자금을 조달하려고 발행한 어음.,김 씨는 공어음 발행 혐의로 구속되었다.
공업주,공업과 관련된 주식.,지난주 금융주는 1.2% 떨어지며 1.4% 하락한 공업주에 전체 종목 가운데 두 번째 큰 낙폭을 작성했다.
공유재,공공재 가운데 소비는 경합적이나 배제에 따른 비용 부담이 과중하여 배제의 원칙이 적용되기 어려운 재화.,이건 공유재에요. 독점하지 마세요.
공익채,공공 기관이 공익적 수익 사업에 필요한 자금을 조달하기 위하여 발행하는 채권.,공익채가 있어야지 공사를 하던 말던 하죠.
공자위,‘공적 자금 관리 위원회’를 줄여 이르는 말.,김 국장은 대통령 비서실에 파견됐다가 지난해 9월 공모를 통해 공자위 사무국장을 맡았다.
공정가,국민의 경제생활을 안정시키기 위하여 법령에 따라 정부가 통제하고 결정한 상품의 가격.,석 달 넉 달이나 걸려서 겨우 해운 관청에 가 수첩을 발부받으려면 또 얼토당토않게 손을 내민다. 공정가란 게 있어 안 건네줄 수가 없다.
공제공,"부분 공개 매수 등을 하는 경우에, 대상 기업의 주주가 공개 매수에 대한 청약 경쟁률을 감안하여 자신이 보유하고 있는 주식 이상으로 공개 매수에 응하는 일.",
공주,차금 매매에서 실제로 주고받지 아니하고 거래되는 주식.,공주로 퉁칩시다.
공채,국가나 지방 자치 단체가 공채의 채권자에게 주는 증권.,내년부터는 우리 정부에서도 공채를 갚을 예산을 편성하기로 하였다.
공채비,"공채 모집, 이자 지급, 상환 따위에 필요한 비용.",공채비가 밀려있어요.
공채증권,국가나 지방 자치 단체가 공채의 채권자에게 주는 증권.,일본 정부에서 그 경비 삼천만 환의 공채증권을 발행하기로 내정하였다더라.
공채증서,국가나 지방 자치 단체가 공채의 채권자에게 주는 증권.,급하게 돈이 필요한 이 씨는 김 씨에게 공채증서를 헐값에 넘겼다.
공판,‘공동 판매’를 줄여 이르는 말.,공판에 오른 이가환이었다.
공판장,‘공동 판매장’을 줄여 이르는 말.,공판장에서 우리 지역 쌀이 가장 많이 팔린다고 한다.
과매도,주가 폭락으로 인하여 투자자들이 보유한 주식을 적정 수준 이상으로 매도하는 현상.,반면 정보 기술 업종의 상대 이격도는 코스피의 움직임과 높은 괴리율을 기록하며 과매도 국면을 나타내고 있다.
과매수,주가 폭등으로 인하여 투자자들이 주식을 적정 수준 이상으로 매수하는 현상.,과매수 현상이 심하게 일어나고 있다.
과불,은행에서 당좌 예금의 잔액을 초과하여 지불하여 주는 일.,은행에서 나한테 과불을 했어.
과열권,지나치게 경기가 상승하거나 거래가 늘어난다고 판단하는 범위.,"이처럼 주가가 수직 상승, 최근 5개월 평균 지수를 웃돌게 되자 단기 과열권 진입에 따른 경계 심리도 확산되고 있다."
과점,몇몇 기업이 어떤 상품 시장의 대부분을 지배하는 상태.,자유로운 경쟁을 제한하는 행위로는 공급의 독점이나 과점 행위를 들 수 있다.
과점적,몇몇 기업이 어떤 상품 시장의 대부분을 지배하는. 또는 그런 것.,이 회사의 최대 장점은 과점적 시장에서 꾸준히 성장한다는 점이다.
과점화,몇몇 기업이 어떤 상품 시장의 대부분을 지배하는 상태가 됨. 또는 그런 상태가 되게 함.,휴대폰 시장은 애플과 삼성의 과점화다.
관계재,특허권ㆍ미장권(美匠權)ㆍ영업권과 같이 물적인 것은 아니지만 널리 양도ㆍ매매ㆍ담보의 대상이 되어 경제재에 준하는 것으로 생각되는 재(財).,
관찰국,세계 증권 시장에서 주가 지수가 선진국 지수에 편입할 조건을 갖추었는지를 검토하고 관찰하는 대상이 되는 국가.,2004년 9월 공식 관찰국으로 지정된 한국과 대만 증시는 작년 9월에도 선진국 시장 편입이 무산된 바 있으며 내년 9월에 세 번째로 도전하게 된다.
광역권,1929년 이후의 세계 공황 때에 자본주의 열강이 설정한 블록 경제에 의한 경제권.,해양 바이오산업은…강릉 광역권 인프라의 중심화 및 고도화를 통한 국제적 해양 바이오 거점 구축 등을 목표로 하고 있다.
광열비,전등을 켜고 난방을 하는 데 드는 비용.,"가계의 소비 지출은 보통 식료품비, 주거비, 광열비, 피복비, 잡비 등으로 구분된다."
괘금,‘보험료’의 전 용어.,괘금이 너무 올라 내기 힘들다
괘선,주가(株價)의 변동을 모눈종이에 나타낸 선.,"워드 프로세서에서는 괘선, 글꼴, 색상 등을 문서에 표현할 수 있다."
괴리율,"목표 주가와 현재 주가와의 가격 차이, 전환 사채의 시장 가격과 전환 사채를 주식으로 전환할 때의 전환 가격 간의 가격 차이 따위를 백분율로 나타낸 것이다.",반면 정보 기술 업종의 상대 이격도는 코스피의 움직임과 높은 괴리율을 기록하며 과매도 국면을 나타내고 있다.
교란항,"회귀 분석에서, 모집단의 회귀선 주변에서 나타나는 오차 항.",교란항은 배제해야죠.
교섭력,구매자와 공급자 또는 구매 기업과 판매 기업 사이의 협상 과정에서 상대방을 교섭하는 능력.,노동계는 대체 근로의 경우 파업을 무력화함으로써 노조 교섭력을 떨어뜨린다는 점에서 반대해 왔다.
교역재,나라와 나라 사이에서 물건을 사고팔고 하여 서로 바꿀 수 있는 재화. 자동차나 전자 제품과 같은 공산품이 대표적인 예이다.,
교환끝,어음 교환소에서 어음을 교환할 때 생기는 차액.,교환끝좀 챙겨주세요.
구권,일정한 금액을 일정한 날짜와 장소에서 치를 것을 약속하거나 제삼자에게 그 지급을 위탁하는 유가 증권. 약속 어음과 환어음이 있다.,부동산을 매매할 때에는 매도 증서에 반드시 구권도 첨부해야 한다.
구매력,개인이나 단체가 물품이나 노동력을 살 수 있는 능력.,최근 구매력이 높은 소비자를 위한 고급 승용차가 많이 출시되고 있다.
연속일,아무런 조건이 붙어 있지 않는 날,정부의 공기업 민영화 정책은 기본적으로 당국이 무원칙적으로 추진해 왔기 때문에 시행착오의 연속일 수밖에 없었으며 따라서 원칙부터 전면 재검토해야 한다는 주장이 제기됐다
연조,시세가 내릴 기세에 있음.,연조를 들추어 보면 그 사건의 전모를 알 수 있을 것이다
연착륙,경기가 지나치게 활기를 띨 기미가 있을 때에 경제 성장률을 적정한 수준으로 낮추어 불황을 방지하는 일.,경기의 둔화를 막기 위해 연착륙 방안을 마련하다.
연체자,금융 기관에서 대출을 받고 이자 및 원금 상환을 약정 계약대로 지키지 못한 사람,17일 이동 통신 업계에 따르면 10대 청소년과 카드 연체자들을 중심으로 고가의 휴대 전화를 할부로 구입한 뒤 이를 되파는 ‘휴대폰깡’이 성행하고 있는 것으로 나타났다.
연포장,"종이, 플라스틱 필름 따위와 같이 유연성이 있는 재료로 상품을 포장하는 일",디지털 연포장 출력기는 가공된 파우치에 인쇄하기 때문에 실링부분이나 파우치가 겹치는 부분에는 인쇄가 불가합니다.
연화,단단한 것이 부드럽고 무르게 됨,근육이 연화 작용에 의해 부드러워졌다
열등재,소득의 변화에 따라 소비가 반대 방향으로 변하는 재화,사실 엄밀히 따져 보면 정상재의 수요 곡선은 항상 우하향하지만 열등재의 수요 곡선은 우상향할 수도 있다.
열손,장기간 선창을 밀폐하여 선내의 온도나 습도의 영향을 받아 곡물류 같은 화물이 부패하여 생기는 손해,발전기 내부에서 과열로 인해 생긴 열손
영구채,만기 상환일이 없이 매년 일정한 금액의 이자를 영원히 지급하는 채권,이번 신종 자본 증권은 5년 콜 옵션 보유 영구채 2400억 원과 10년 콜 옵션 보유 영구채 500억 원으로 구성된다
영리사업,재산상의 이익을 위하여 경영하는 사업,진드기도 피에 식상하면 덜 뜯는 법이었다. 그러나 매관매직이란 왕실과 조정 무리들이 하는 영리사업이니 고칠 리가 만무한 것이다.
영리성,수익을 거둘 수 있는 정도,"법인의 종류를 영리성에 의한 구분으로 살펴보면, 영리법인과 비영리법인으로 분류할 수 있다."
영리주의,재산상 이익을 얻는 것을 사업 활동에서 가장 중요한 방침이나 원칙으로 삼는 사상이나 태도,영리주의에 의한 퇴폐 문화의 지배
영업,돈을 벌기 위한 사업이나 활동,날이 갈수록 그의 영업은 번창하였다.
영업지,"회사ㆍ은행ㆍ상점 따위에서, 영업 활동을 하는 지역.",푸드트럭 영업장소 영업지 찾기
영업체,영업을 하기 위하여 만든 단체,민영화된 영업체의 역대 총지배인은 다음과 같다
예대율,은행의 예금 잔액에 대한 대출 잔액의 비율,예대율 인하는 은행이 대출을 줄이게 하는 즉효 약이지만 서민들이 피해를 볼 수 있는 부작용도 있다.
예산주의,예산을 세우고 그에 따라서 생활하려는 방침,총계예산주는 순계예산주의와 달리 수입과 지출의 상계를 허용하지 않는다
예선료,항해할 수 없는 선박을 끌어 내려고 예인선을 사용할 때 내는 요금,예선업이 등록제로 바뀌고 예선료와 도선료는 자율화된다
예치금,맡겨 둔 돈,학생증만 보이면 예치금 만 원에 대여료 천 원을 내고 하루 종일 자전거를 빌릴 수 있다
예탁금,금융 기관이나 단체 따위에 부탁하여 맡겨 둔 돈,"그래도 명문이라 알려진 경기도의 한 골프장은 지금도 예탁금의 일부를 지불 준비금으로 유보해 두고, 반환 요청에 즉각 대응하고 있다고 알려져 있다"
예탁률,금융 기관 따위에 예탁금을 맡겨 두는 비율,지난 2003년 주식의 경우 357억 주가 예탁돼 예탁률은 75.9%를 기록했다
오디아이,"경영 참가, 기술 제휴, 시장 획득 따위를 목적으로 하는 대외 투자",올 1분기 오디아이(ODI)를 가장 많이 늘린 업종은 제조업이었다
오버나이트,금융 기관이 다른 금융 기관으로부터 하루 동안만 빌리는 초단기 외화 자금,애널리스트는 지수 등락이 거듭될수록 수익률이 저하될 수 있어 지수의 연속 상승이 예상되지 않는 이상 오버나이트를 삼가고 데이 트레이딩을 하는 것이 바람직하다고 충고했다
오버론,은행이 예금액 이상으로 대출을 하고 부족한 자금을 중앙은행에서 빌려 오는 일,금융 긴축에 따라 물가는 안정세를 되찾긴 했으나 금융 기관의 예금 증가 추세는 여전히 둔화되고 있어 금융 기관의 ‘오버론(over loan)’ 현상이 계속 높은 수준에 머물고 있다
오버슈팅,"경제에 어떤 충격이 가해졌을 때, 물가나 환율 따위가 일시적으로 폭등하거나 폭락하였다가 시간이 지나면서 장기 균형 수준으로 되돌아가는 현상",최근 선진국을 중심으로 글로벌 채권 시장의 금리 변동성 확대된 가운데 당분간 오버슈팅을 반복하다 하향 안정 될 것이라는 전망이 나왔다
오버킬,물가 상승에 대처하기 위하여 수요를 지나치게 억제해서 경기를 냉각하는 일,우리나라의 외환위기에 대해 고금리 고환율정책을 내세우는 IMF 처방이
오버타임,초과근무,고용주가 직원에게 오버타임 임금을 지급하지 않을 경우 캘리포니아 노동법은 다양한 벌금을 부과하고 있습니다
오아이에스,국내외 금융 기관 간에 빌려주고 빌려 받는 하루짜리 초단기 외화 자금에 대한 금리,"은행은 오아이에스를 활용하여 단기 자금 조달 및 관리에 유연성을 부여하며, 금융 시장에서의 안정성을 유지합니다"
오일플레이션,석유 가격의 상승이 주된 원인이 되어 일어나는 인플레이션,오일플레이션의 원인인 석유 및 원자재 가격의 상승이다. 원유 가격은 연일 사상 최고치를 경신하고 있다
오퍼레이션,증권 시장의 투기 매매,IT 기업은 효율적인 오퍼레이션을 위해 자동화된 프로세스와 혁신적인 기술을 도입하여 생산성을 향상시키고 고객 서비스를 최적화하고 있습니다
오퍼레이터,자기 선박뿐만 아니라 다른 사람의 선박도 빌려서 대규모로 운항하는 해운업자,공장 내에서 기계의 원활한 작동을 책임지는 오퍼레이터는 생산 라인에서 발생할 수 있는 문제를 빠르게 해결하여 생산 효율을 높이고 생산 과정을 원활하게 유지합니다
오퍼상,무역 거래에서 매도인과 매수인 사이의 거래 조건을 조정하는 일,"주식 거래 시에 발생하는 오퍼상은 매도 호가와 매수 호가 사이의 차액을 나타내며, 이는 시장의 유동성과 거래 활동을 판단하는 데 중요한 지표로 사용됩니다"
오피,제조업자나 수입업자가 가격을 정하지 않고 각 소매점에서 실제 판매 가격을 결정하도록 하는 가격 제도,"이 제품은 제조업자가 고정된 가격을 설정하지 않고, 소매점에서 유연하게 판매 가격을 결정할 수 있는 오피 제도를 채택하여 소비자들에게 다양한 가격 대안을 제공하고 있습니다"
완력매수,"증권 시장에서 주가의 하락세를 멈추게 하기 위하여, 비싼 값에 주식을 마구 사들이는 일",투자자들은 주가 하락 시에 완력매수 전략을 활용하여 저가에서 매수하여 평균 매입가를 낮추고 장기적으로 수익을 극대화하려고 노력합니다
완력시세,"주로 증권가에서, 매매자의 술책이나 자금력에 의하여 인위적으로 이루어진 시세","완력시세는 주식 시장에서 특정 종목의 주가가 일정 기간 동안 상승 또는 하락한 정도를 나타내는 지표로, 투자자들은 이를 분석하여 향후 주가 추이를 예측하고 투자 결정을 내립니다."
완비성,"임의의 두 소비점에 대하여, 소비자가 둘 중 어느 하나를 더 선호하는지 또는 둘 다 차별 없이 선호하는지를 예외 없이 비교하여 판단할 수 있는 성질","금융 분야에서 완비성은 기업이나 투자 포트폴리오가 다양한 리스크에 대비하여 안정성을 유지하고 비상 시에도 운영을 계속할 수 있는 능력을 나타내며, 신뢰성과 안정성을 강조하는 중요한 경영 원칙 중 하나입니다"
완성재,어떤 재화의 생산에 쓰이지 아니하고 생활하는 데 직접 쓰이는 생산물,"건설 현장에서 사용되는 완성재는 건축물이나 구조물을 완성시키기 위한 다양한 재료를 포함하며, 고품질의 완성재 사용은 건축 프로젝트의 품질과 내구성을 보장합니다"
왜곡,세금이나 가격 통제 같은 정부 정책이 시장에 교란을 가져와 경제적 손실을 발생시키는 현상,정부의 갑작스러운 세금 인상 정책은 기업들의 경영계획을 왜곡시켜 생산성을 감소시키고 소비자들에게는 물가 상승을 초래하여 경제적 교란을 야기하고 있습니다
외교원,"은행이나 회사에서 교섭이나 권유, 선전, 판매를 위하여 고객을 방문하는 일이 주된 업무인 사원",출판사의 외교원
외국채,외국의 자본 시장에서 모집하는 자기 나라의 공채와 사채,"국가가 외국에서 자금을 조달하기 위해 발행하는 채권인 외국채는 해당 국가의 정부나 기업이 외국 투자자로부터 자금을 유치하는데 사용되며, 금융 시장에서 다양한 형태로 거래되고 있습니다."
외국환,국제간의 채권이나 채무를 환어음의 교환으로 결제하는 방법,"외국환 시장에서는 다양한 통화 간의 환율이 결정되며, 국제 금융 시스템에서 중요한 역할을 하고 있습니다."""
외무원,"은행이나 회사에서 교섭이나 권유, 선전, 판매를 위하여 고객을 방문하는 일이 주된 업무인 사원","은행의 외무원은 고객을 방문하여 금융 상품과 서비스에 대한 정보를 전달하고, 금융 상담 및 계좌 개설 등을 도와주는 역할을 수행하여 고객과 금융 기관 간의 원활한 의사소통과 협력을 촉진합니다"
외자,국내에서 사용되는 통화가 아닌 다른 국가의 통화,외자 환전은 여행이나 국제 거래 시에 필요한 서비스 중 하나입니다
외주비,자기 회사에서 만들 수 없는 제품이나 부품을 다른 회사에 맡겨 만들게 하는 데 드는 비용,외주비를 효율적으로 관리하고 선택하는 것은 기업의 생산성과 경제성을 향상시키는 데 중요한 역할을 합니다
외채,외국의 자본 시장에서 모집하는 자기 나라의 공채와 사채,민간단체를 중심으로 외채 줄이기 운동이 벌어졌다
외화난,보유한 외화가 부족하여 생기는 어려움,은행들의 외화난이 악화하고 있다
외화방채,외국의 자본 시장에서 모집하는 자기 나라의 공채와 사채,외화방채는 국제 자금 시장에서 발행되어 국내 기업의 자금 조달 다변화에 기여하고 있습니다
외환율,자기 나라 돈과 다른 나라 돈의 교환 비율,"안정된 외환율은 국제무역과 투자에 영향을 미치며, 정책 결정과 금융 시장에서의 거래에 중요한 영향을 미칩니다"
요구불,기간을 일람 출급 어음이 제시된 날로 하여 그 금액을 지급하는 일,"금융 기관은 어음의 발행과 동시에 요구불 형태로 지급을 약속하여, 고객이 필요할 때 언제든 자유롭게 자금을 출금할 수 있도록 하였습니다"
요금재,"공동 소비가 가능하나, 원치 않으면 사용하지 않을 수도 있는 공공재",전기 요금재가 증가함에 따라 가계 예산에 부담이 늘어났습니다
요금제,전력 또는 통신 서비스의 이용에 대한 요금 체계,비싼 요금제로 인해 가계의 통신비 부담은 더욱 커졌다
요량주문,증권업자에게 일정한 가격을 지정하여 주고 증권의 가격이 그 가격 이상이면 팔고 그 이하이면 사 달라고 부탁하는 일,식자재 도매상은 요량주문을 통해 식당 업주들의 대량 구매 요구에 신속하게 대응하여 생산과 유통에서의 효율성을 향상시키고 있습니다
요솟값,생산에 필요한 생산 요소가 시장에서 매겨지는 가격,"부동산 시장에서 발생한 경매에서 얻은 주택의 최종 매도가격은 해당 부동산의 요솟값으로 기록되어, 이를 기반으로 부동산 거래 시장의 동향을 분석할 수 있습니다"
용선자,선박 소유자에게 운송용으로 배를 빌려 쓰는 사람,"용선자는 선박이나 항공기 등 운송 수단을 보유하고 운영하는 개인 또는 기업을 나타내는 용어로, 해운업이나 항공업과 관련된 업계에서 사용됩니다"
용수비,"기업에서 1년 동안 생산용, 사무실용, 직원의 음료용 따위로 사용된 모든 물의 비용",기업의 환경 책임성 강화를 위해 용수비를 효율적으로 관리하고 물의 소비를 최소화하는 노력이 필요합니다
용역,물질적 재화의 형태를 취하지 아니하고 생산과 소비에 필요한 노무를 제공하는 일,전문 기관에 용역을 맡기다
용적톤,적재 화물의 용적을 기준으로 환산한 무게,선박이나 화물 차량의 설계 및 운용 계획에서 용적톤은 중요한 지표 중 하나로 고려됩니다
우담수손,화물이 빗물이나 민물에 젖어서 생긴 손해,"해상 보험에서는 선박이나 화물이 해상 여행 중에 발생한 우담수손에 대한 보상을 제공하여, 선주나 화주의 재물 손실을 보호합니다"
우등재,소비자의 소득이 많을수록 그 수요가 많아지는 재화,"항공 여행 시, 승객들을 위한 편안하고 우등한 서비스를 제공하는 우등재는 항공사에서 경쟁력을 유지하고 승객 만족도를 높이는데 중요한 역할을 합니다"
우상향,그래프에서 선의 방향이 왼쪽에서 오른쪽으로 올라가는 형태,지난달 말 오미크론 변이가 나오면서 가파른 우상향 곡선을 그리고 있다
우선주,보통주에 비하여 이익이나 이자의 배당,"투자자들은 우선주를 통해 기업의 이익 배분에 우선적으로 참여하고 안정적인 배당 수익을 추구하는 동시에, 주식 시장에서의 변동성에 상대적으로 덜 노출될 수 있습니다"
우편환,우체국을 통하여 돈을 부치는 방법,"국제 무역에서의 우편환은 상품이나 서비스의 교환을 의미하며, 이를 통해 국가 간의 경제적 상호 작용이 이루어지고 무역 활동이 원활하게 진행됩니다"
운송주,운송업과 관련된 주식,이날 급등세는 운송주를 중심으로 각 분야 고루 확산되고 있다
운임률,운반이나 운수 따위의 보수로 받거나 주는 돈의 비율,철광석이나 곡류 등 상품의 운임률을 나타내는 발틱 해운 지수의 경우 이미 몇 달 전 96%까지 떨어지면서 추락한 상태다
워크아웃,어떤 정치적 목적을 달성하고자 노동자들이 집단적으로 한꺼번에 작업을 중지하는 일,기업 워크아웃에 재산 보전 처분이 도입된다
원견본,매도인이나 매수인이 상대편에게 보내는 최초의 견본,계약 당사자들은 원견본을 교환하여 서명이나 합의된 조항에 대한 확인을 통해 양자 간의 합의를 명확히 하였습니다.
원도급자,건축주와 직접 도급 계약을 맺은 사람이나 업체,"건설 프로젝트에서 원도급자는 주요 시공 작업이나 서비스를 담당하고, 일반적으로 주도적인 역할을 수행하여 주계약자에게 공사나 프로젝트의 특정 부분을 완료하기 위한 서비스를 제공합니다."
원리금,원금과 이자를 합친 돈,원리금을 상환하다
원보험사,보험 가입자와 보험 계약을 체결하는 최초의 보험 회사,"고객은 원보험사와의 계약을 통해 자동차 보험을 체결하고, 보험금 청구 시 원보험사로부터 신속하고 정확한 처리를 기대하고 있습니다"
원수익자,수출 신용장 거래에서 신용장을 최초로 받은 수익자,투자 상품에 투자한 개인이 해당 상품으로부터 발생하는 수익을 얻는 것이 원수익자의 역할입니다
원신용장,개설 은행이 발행한 원래의 신용장을 내국 신용장에 상대하여 이르는 말,원신용장을 통해 고객은 자신의 신용 상태를 확인하고 금융 거래에 참여할 수 있습니다
원월물,"선물 옵션거래에서, 거래의 최종 결제일이 현시점을 기준으로 하여 가장 먼 달에 있는 선물",금융 위기 이후 원유 선물 시장에서는 원월물이 근월물보다 비싼 이른바 ‘콘탱고’ 상태가 지속됐다
원위화,한 나라의 화폐 제도의 기초를 이루는 화폐,금융 시장에서 원휘화가 심화되면 투자자들은 안정적인 자산으로의 이전을 고려하여 안전자산이나 안전한 통화로의 포트폴리오 다변화를 시도합니다
원화,원을 화폐 단위로 하는 한국의 화폐,원화는 국내에서 통용되는 화폐로 상품 및 서비스의 거래 등 다양한 경제 활동에 사용되고 있습니다
월가,미국 금융 시장을 이르는 말,월가는 금융 기업들과 주식 시장이 밀집해 있는 금융 지구로 잘 알려져 있습니다
위극,신용을 남용함으로써 생산ㆍ분배ㆍ교환하는 기관의 활동이 갑자기 마비되는 경제 공황,"금융 시장에서의 위극은 신용을 과도하게 이용함으로써 급격한 경제 공황을 초래할 수 있으며, 이는 생산, 분배, 교환과 같은 경제 활동을 마비시키는 치명적인 결과를 초래할 수 있습니다"
위탁상,제조업자와 계약을 맺고 제품 소유권은 보유하지 않은 상태에서 제조업자의 판매를 대행하는 상인,위탁상은 주로 특정 분야에서의 전문성과 높은 업무 효율성을 제공받아 업무를 완료하는 역할을 수행합니다
위폐,진짜처럼 보이게 만든 가짜 화폐,"위폐는 법적 통용이 되지 않으며, 경제 시스템에 부정적인 영향을 미칠 수 있는 불법 행위로 간주됩니다"
위풍재,소비자가 제품의 가격을 품질의 지표로 해석하여 가격이 오르면 오히려 수요를 늘리는 재화,그 지도자는 강력한 위풍재를 행사하여 조직 내 변화를 주도하고 효과적으로 문제를 해결했습니다
유동성,기업의 자산이나 채권을 손실 없이 현금화할 수 있는 정도,유동성이 높을수록 자금이나 자산을 쉽게 거래하고 이동할 수 있습니다. 이는 시장에서의 투자 결정과 금융 안전성을 판단하는 데 중요한 지표 중 하나입니다
유동주,투자를 목적으로 시장에서 항상 사고파는 대상이 되는 주식,유동주의 높은 비율은 주식 시장에서의 거래가 활발하게 이루어지고 있음을 나타냅니다
유령주,거래량이 극히 낮아 주식 시장에서 거의 거래되지 않는 주식,"해당 기업의 주식은 거래량이 극히 낮아 유령주로 여겨져, 시장 참여자들 간의 주식 거래가 활발하지 않습니다"
유상주,대가를 지불하여야만 취득할 수 있는 주식,유상주 발행을 통해 기업은 자금을 확보하고 주주들은 새로운 주식을 구매하여 기업에 투자할 수 있습니다
유엘,다양한 투자 대상에 분산하여 자금을 투입하여 운용할 때 발생할 수 있는 최대 손실에서 예상할 수 있는 손실만큼 뺀 금액,투자자는 유엘을 고려하여 자산을 다양하게 분산하여 리스크를 효과적으로 관리하고 투자 수익을 극대화하려고 노력하고 있습니다
유찰,입찰 결과 낙찰이 결정되지 아니하고 무효로 돌아가는 일,물론 새치기한 당사자에게는 본때를 보여 낙찰 대금을 입금시키지 못하게 해서 유찰을 시켜 버린 다음 재입찰 때에는 하는 수 없이 1백20만 환을 써넣었다고 하더군요
유통가,유통이 이루어지는 지역,설을 앞두고 백화점 등 유통가에서 추천하는 인기 상품을 소개한다
유통고,일정한 기간 동안 유통되는 화폐,기업은 유통고를 최소화하고 효율적인 공급망을 구축하여 생산부터 소비까지의 과정을 원활히 진행하여 비용을 절감하고 고객에게 보다 효율적인 서비스를 제공하기 위해 노력하고 있습니다
유형재,일정한 형태를 가지고 있는 재산,"회사의 자산 목록에는 건물, 기계, 차량과 같은 유형재가 포함되어 있으며, 이러한 자산들은 일정한 형태를 가지고 있어 회계 및 자산 관리에 활용됩니다."
육엠,산업 발전의 요소인 자원을 여섯 가지로 나눈 것,지속 가능한 산업 발전을 위해서는 육엠 중에서 각 자원을 효율적으로 활용하고 조화롭게 조합하여 산업 생태계를 발전시켜 나가는 데에 주목해야 합니다
은선,은행에서 제공하는 다양한 금융 상품과 서비스,은선에서는 고객들에게 안전하고 다양한 금융 상품을 제공하여 개인 및 기업의 금융 Bed제를 지원하고 있습니다
은환,동양의 통화 단위,"고려시대에는 무역 및 경제 활동에서 은환이 주로 사용되었으며, 그 가치와 중요성은 당시의 경제 체계에서 큰 역할을 하였습니다"
응모액,응모 비용,"응모액은 이벤트 주최자에게 수익을 제공하고, 참가자들에게는 경품이나 혜택에 참여할 기회를 제공합니다"
응찰가,경매나 경쟁 입찰 따위에 참가하는 가격,응찰가를 제시한 이들이 실제 상품을 사들일 의도를 갖고 있지 않다고 판단하고 경매를 중지시킨 것으로 알려졌다
이락주,이자나 배당의 지급이 끝난 주식,"이락주는 안정적인 투자 수단 중 하나로 간주되며, 주로 배당 수익에 중점을 두는 투자자들에게 인기를 얻고 있습니다"
이부,주식 따위에 이자 또는 배당이 붙어 있는 것,이부가 있는 주식은 투자자에게 미리 정해진 기간마다 이자나 배당금을 지급하여 안정적인 수익을 제공합니다
이시,컴퓨터 통신이나 인터넷을 이용해서 온라인으로 이루어지는 전자 상거래,"최근에는 이시의 발전으로 소비자들은 온라인에서 다양한 제품을 쉽게 비교하고 구매할 수 있으며, 기업들은 글로벌 시장에서 경쟁력을 확보하기 위해 온라인 전자 상거래 플랫폼을 활용하고 있습니다"
이식부,"공채, 사채 따위의 유가 증권에 이자나 배당이 붙는 조건","투자자들은 안전한 투자 수단으로 이식부가 있는 공채나 사채를 선택하여 예상 수익을 높이고, 동시에 안정적인 수익을 기대하고 있습니다"
이월품,생산된 해에 팔리지 않아 그다음 해로 넘겨서 판매하는 상품,"이번 행사에는 잡화, 침구, 식품류 등 모두 20여 개 업체가 참여해, 브랜드 및 품목별로 신상품과 이월품 등에 대해 최고 80%까지 할인해 판매했다."
이차손,보험 회사에서 받아들이는 이율이 내주는 이율보다 낮아서 생기는 손해,최근 금융 시장에서의 경기 둔화로 보험 회사들은 이차손을 최소화하기 위해 유동성 관리와 효율적인 자산 운용에 더욱 신경 써야 하고 있습니다
이평선,이동 평균선,코스닥 시장은 5일 이평선이 20일 이평선을 넘어서는 골든 크로스가 발생하며 강세를 이어 가고 있다
이표,공채증권이나 채권에 이자 지급에 관한 내용을 적어서 나타내는 증표,투자자들은 이표를 통해 투자상품의 수익성과 이자 지급 일정을 파악할 수 있습니다.
인건비,사람을 부리는 데에 드는 비용,공장을 기계화하면서 인건비를 대폭 줄일 수 있었다
인도장,시내 면세 판매장에서 판매한 물품을 구매자가 출국하기 직전에 구매자에게 인도하기 위하여 설치한 장소,해외여행자들은 공항에서의 편리한 인도장을 통해 시내 면세 판매장에서 구매한 다양한 상품을 손쉽게 가져갈 수 있습니다
인수,무엇을 사거나 획득하는 행위,글로벌 기업은 혁신 기술을 확보하기 위해 최근에 많은 스타트업을 인수하고 있습니다
인취,외국으로부터 도착한 물품이나 수출 신고가 수리된 물품을 우리나라에 들여오는 일,해외에서 수출된 제품이 우리나라에 도착하면 세관에서 인취 작업을 거쳐 관세 및 기타 관련 절차를 완료하여 시장에 순조롭게 투입됩니다.
인환,서로 맞바꿈,두 국가가 평화적인 협상을 통해 국경 지역의 일부를 서로 인환하여 경제적 혜택을 공유하기로 결정했습니다
인환증,서로 맞바꾸는 증서,서로 인환증을 받다
일부불,물건값이나 빚 따위의 일정한 금액을 며칠에 나누어 얼마씩 내어 갚음,자동차를 사려면 일부불로 결제할 수 있는 옵션이 있어서 매달 일정한 금액을 몇 개월 동안 납부하면 됩니다
일시불,금액을 한꺼번에 내거나 상환하는 일,"가전제품을 구매할 때, 일시불로 결제하면 전체 금액을 한 번에 지불해야 합니다"
일임업,고객으로부터 전권을 위임받아 투자를 대행하는 업종,현행 법령상 투자 자문 회사는 3명 이상의 운용 전문 인력을 둬야 하며 일임업까지 하는 경우에는 5명 이상의 인력을 두도록 돼 있다
일차재,개인의 욕망을 직접적으로 충족하기 위하여 소비되는 재화,그는 고급 시계와 명품 가방을 구매하여 자신의 일차재로서 개인적인 욕망을 직접적으로 충족시키고 있습니다
일코노미,1인 경제,"일인 가구 비율 27%, ‘일코노미’ 시대엔 어쩌면 혼놀도 ‘능력’이 될지 모른다."
임금률,임금 단가,"그 회사는 경력과 업무 수행 능력을 고려하여 임금률을 책정하고 있으며, 성과에 따라 추가 보너스도 제공합니다."
임금재,생활 필수품에 대한 재화,"식료품과 주거에 필요한 가구 등은 생활 필수품으로 간주되어, 근로자들이 받는 임금 중 일부는 이러한 임금재를 구매하거나 유지하는 데에 사용됩니다"
임노동,자기의 노동력을 자본가에게 제공하고 그 대가로 임금을 받는 노동 형태,"그는 일상적인 임노동으로 회사에서 근무하며, 노동력을 제공함에 따라 월급을 받고 있습니다"
임률,임금 단가,"그 회사는 경력과 업무 수행 능력을 고려하여 임률을 책정하고 있으며, 성과에 따라 추가 보너스도 제공합니다."
임시비,뜻밖의 지출에 대비하기 위하여 계산하는 비용,매달 목돈에서 일정 금액을 '임시비'로 예약하여 예상치 못한 비용이나 급박한 상황에 대비하고 있습니다
임차료율,토지나 자본 한 단위를 정해진 기간 동안 사용하는 대가로 지불하는 비용,그 건물의 임차료율은 연간 임대료가 전체 건물 가치의 5%에 해당한다. 따라서 매년 임차인은 건물 가치의 5%에 해당하는 임차료를 납부해야 합니다
입지,경제 활동을 하기 위하여 선택하는 장소.,유리한 입지 조건
입초,수입 초과,해당 상품은 입초이다
입회,어떠한 회에 들어가 회원이 되는 것,그는 독서 클럽에 입회하여 매주 책을 읽고 토론하는 즐거운 활동에 참여하고 있습니다
자본금,영리를 목적으로 사업에 투자한 돈,우리가 지금 설립 준비를 하고 있는 회사는 자본금이 가장 크고 참가할 자본주의 면면이 모두 거물급이지요
자산액,자산의 액수,자산액이 크게 늘어나다
자산주,업적이나 배당이 순조롭고 투기적 변동도 적기 때문에 자산으로서 지니기에 알맞은 주식,"그 회사의 자산주는 주식, 부동산 및 투자 등으로 구성되어 있으며, 이는 회사의 종합적인 재무 상태를 나타냅니다"
자연력,사람의 노동력을 돕는 자연의 힘,고대의 농부들은 물소와 함께 일하는 자연력을 활용하여 농경 생산성을 향상시켰습니다
자연보험료,"생명 보험을 계약할 때, 나이가 많아질수록 사망 위험도 높아짐을 고려하여 계산해 낸 보험료","생명 보험 가입 시, 보험 회사는 보험 계약자의 나이를 고려하여 자연보험료를 계산합니다"
자유 방임,국가의 간섭을 제한하고 사유 재산과 기업의 자유 활동을 지지하는 주장,그 프로젝트는 참여자들에게 창의적인 아이디어를 자유 방임하였다
자은행,다른 은행과 자본적 관계를 맺어 그 은행의 지배를 받는 은행,현재 자은행에 대한 생각을 가지고 있다
자재,개인이나 법인이 소유하고 있는 경제적 가치가 있는 유형ㆍ무형의 재산,개인이나 법인이 소유하고 있는 자재는 그들의 경제적 가치를 나타냅니다.
자회사,다른 회사와 자본적 관계를 맺어 그 회사의 지배를 받는 회사,ABC 그룹은 다수의 자회사를 보유하고 있어 다양한 산업 분야에서 사업을 진행하고 있습니다
작업일,항만에서 짐을 싣고 내리는 날,프로젝트의 작업일은 계획 수립 후에 팀원들과 협의하여 설정되었습니다
작은손,시세에 크게 영향을 미치지 않는 소규모의 거래를 하는 개인이나 기관,증권사 객장에서 작은손은 대접을 받지 못한다.
잠정가,거래 가격이 확정되지 않아 임시로 정한 가격.,잠정가를 적용하는 것이라고 설명하고 반덤핑 관세 부과 조치는 내리지 않았다고 해명했다
잡계정,일정한 항목에 해당되지 않는 거래나 독립된 과목을 설정할 만큼 크지 못한 거래를 처리하는 계정,"""회계에서 잡계정은 특정한 계정 번호가 없는 일시적이거나 특수한 항목을 처리하는 데 사용되는 일종의 일시적인 계정입니다"
잡주,증권 거래소의 거래에서 인기가 없는 여러 가지 주식,그 회사의 주식은 잡주로 여겨져 거래량이 적고 투자자들 사이에서 큰 관심을 받지 못하고 있습니다
장기채,갚는 기간이 보통 1년 이상인 빚,장기채에 투자하여 수익을 추구할 수 있습니다
장부가,채권 매입 시점의 거래 가격,전 세계 기업들의 주식은 장부가의 2배에 거래된다
장세,주식 시장의 형세,하락 장세가 계속되고 있다
장외,증권 거래소 이외의 장소,장외 거래
장중가,시장 거래 중의 가격,"장중가 기준으로 지난달 10일 1,183원 이후 3주 만에 최고치를 경신한 수준이다"
장치장,통관을 위한 수출입 물품을 임시로 보관하여 두는 장소.,"수출입 물품의 통관이 완료되기 전, 그 물품들은 특별한 허가를 받아 장치장에 임시로 보관되었습니다"
재결청,심사 청구나 이의 신청 따위에 대하여 판단하여 결정을 내리는 행정 관청,"그 회사는 환경 보호 기준에 대한 심사 청구에 대하여 이의를 제기하였고, 환경 관리 청에서는 이를 검토하여 최종적으로 재결청을 내렸습니다"
재경매,다시 경매,낙찰자가 낙찰금을 납부하지 않아 부동산이 재경매에 나왔습니다
재권,재정 관리에 대한 권리,회사의 재권은 경영진이 재정을 효율적으로 관리하고 예산을 편성하는 권한을 갖고 있습니다
재도급자,하도급을 받아 공사를 직접 시공하는 사람,건설 프로젝트의 주도급자가 일부 공사를 외주하여 그 일을 수행하는 업체를 재도급자라고 부릅니다
재동조화,세계 경제가 다시 동조하여 추세를 같이 하는 것,리더는 재동조화를 이끌어내어 모든 팀원들이 공동의 목표를 달성할 수 있도록 조화롭게 협력하게 되었습니다
재용선,자신이 빌린 선박을 제삼자에게 다시 빌려주는 일,"재용선의 일종으로, 선박 자원을 효과적으로 활용하고 비용을 절감하는 데에 기여할 수 있습니다"
재융자,조달한 자금을 상환하기 위하여 다시 자금을 조달하는 일,유예 기간이 지난 뒤 다시 페이먼트 납부를 시작하고 3개월 연속 제때 납부하면 새 모기지 융자나 재융자가 가능하다는 설명이다.
재정난,재정이 부족하여 생기는 어려움,재정난에 허덕이다
저등,물가 따위가 뚜렷하게 오름,최근의 주가 하락으로 인해 해당 기업의 저등이 뚜렷하게 나타난다
저량,"특정한 시점을 기준으로 파악된, 경제에 존재하는 재화 전체의 양","경제학자들은 특정한 시점을 기준으로 파악된, 경제에 존재하는 재화 전체의 양인 저량을 분석하여 경제의 건강 상태를 판단합니다"
저장미,쌀값이 오르고 내리는 것에 대비하여 정부나 개인이 저장하는 쌀,쌀값의 불안정한 변동에 대비하여 정부는 국가 저장미를 확보하여 시장에 안정적인 공급을 유지하고 소비자들에게 안정성을 제공하고자 하고 있습니다
저점기,시장과 관련된 지표 따위가 가장 낮게 나타나는 시기,금리 저점기가 되면 채권 투자 매력은 줄어들고 부동산 투자에 관심을 갖는다.
저차재,개인의 욕망을 직접적으로 충족하기 위하여 소비되는 재화.,소비자의 저차재는 계속해서 오른다
저항선,주가의 상승이 저항을 받는 지수 선,"최근 주가가 상승세를 보이고 있지만, 기술적 분석에서는 해당 주가가 어려움을 겪고 있는 저항선을 만날 것으로 예상하고 있습니다"
적양,물품을 날라 쌓아 놓거나 들어서 어떤 장소에 내려 놓는 일,신규직원은 적양 일을 맞는다
적하품,위탁 판매의 대상이 되는 물품,작가는 자신의 작품을 갤러리에 적하품으로 맡겨두어 갤러리가 대신 판매를 진행하게 되었습니다
전략주,증시에서 경기가 변동할 때마다 전략적으로 선택하는 주식,전략주 매각 가능성이 더 높다고 말했다
전매자,다른 사람이 산 것을 다시 사는 사람,잔금 지급을 미루며 전매자를 물색했으나 생각보다 땅값이 오르지 않아 전매 차익을 노린 미등기 전매를 할 수 없게 됐다
전불금,미리 지급하여 주는 돈,해당 고객은 전불금을 지불하였다
전수금,미리 받은 돈,해당 고객은 전수금을 지불하였다
전월세,전세와 월세,전월세 보증금
전자주,전자업과 관련된 주식,이날 외국인 투자자들은 전자주를 집중적으로 매도했는데 7월 들어 외인 투자자들은 140억 대만 달러의 순매도를 기록했다
전환가,전환 사채와 주식을 교환하는 가격,이 대비책의 핵심은 주가가 하락할 경우 전환가도 따라 내릴 수 있는 이른바 ‘전환가 조정 항목’이다
블루칩,건전한 재무 구조를 유지하고 있다고 판단된 회사의 주식,단숨에 블루칩으로 떠올랐다.
비가역성,한번 악화되면 예전의 완전한 상태로 회복하기가 어려운 특성,소비의 비가역성으로 소득이 감소하여도 이전의 소비 수준으로 낮아지지 않는다.
비경활,비경제활동,비경활인구는 늘었다.
비공모발행,"새로 주식, 사채를 발행할 때에 발행 회사와 특정한 관계가 있는 곳에서 모집하는 방식",해당 주식은 비공모발행으로 발행될 예정이다.
비교역재,나라 사이에 사고팔고 하여 서로 바꾸기 어려운 재화,비교역재로는 서비스업의 영업 활동이나 상품이 이에 해당한다.
비례율,조합원이 기존에 가지고 있던 자산과 재개발 이후에 획득하게 되는 자산의 비율,일부 조합에선 분양가를 상식 이상으로 올려 비례율을 억지로 높이기도 한다.
사업채,금융 기관 이외의 일반 사업체가 장기 자금을 조달하기 위하여 발행하는 사채,일반 기업에서 발행하는 사채를 사업채라고 한다.
산금채,산업 금융 채권,한국산업은행에서 발행하는 채권을 산금채라고 부른다.
산품,생산되는 물품,산품 우선 팔아주기와 연고 기업 사랑하기 등 지역 경제 활성화를 위한 활동을 유도하였다.
상장,"주식, 어떤 물건을 매매 대상으로 하기 위하여 해당 거래소에 일정한 자격이나 조건을 갖춘 거래 물건으로서 등록하는 일",상장 시기를 놓치다.
상급재,소비자의 소득이 많을수록 그 수요가 많아지는 재화,효과가 더 큰 쪽이 상급재라고 한다.
상한가,개별 주식이 하루에 오를 수 있는 최고 한도의 가격,상한가를 기록했다.
상환 가격,주식이나 채권 따위를 구매자에게 되돌려줄 때의 가격,상환 가격을 계산해보아야 한다.
상환,갚거나 돌려줌,자금을 상환하다.
생력화,"산업의 기계화, 무인화를 촉진시켜 노동력을 줄임",생력화를 진행하다.
생보사,생명 보험 회사,생보사에 보험을 해약하러 오는 고객들이 부쩍 증가했다.
생산가,생산비에 평균 이윤을 더한 금액,낮은 생산가를 요구했다.
생협,생활 협동조합,생협은 생산자와 소비자를 직접 연결시켜 싸게 공급하고 있다.
선급금,미리 지급하여 주는 돈,선급금의 지급 한도를 확대한다.
선물,장래의 일정한 시기에 현품을 넘겨준다는 조건으로 매매 계약을 하는 거래 종목,선물 거래가 가능하다.
선불금,거래 시 거래 의무의 이행을 담보하기 위해 미리 치르는 금액,선불금을 지불할 예정이다.
선순위채,발행 기관이 파산하였을 경우 다른 부채에 비하여 변제의 우선순위가 선순위가 되는 채권,선순위채의 상환이 다 이루어져야 한다.
선취매,주식을 미리 사 두는 것,선취매할 것을 제안했다.
속등세,"주식 매매 거래에서, 주가가 계속적으로 오르는 형세",속등세를 보이고 있다.
속락세,"주식 매매 거래에서, 주가가 계속적으로 내리는 형세",속락세를 보이고 있다.
손배액,손해 배상액,손배액을 고액화하는 한 원인이 되고 있다.
수익재,수익을 목적으로 국가나 지방 자치 단체가 보유하고 있는 재산,수익재 비중이 많이 상승하였다.
순소득,전체 소득에서 비용을 빼고 남은 소득,세금은 순소득에 대해 부과된다.
스탑오버,경유지에서 하루 이상 체류하는 일,환승 고객에게 1회 무료 스탑오버를 제공한다.
스태그플레이션,고물가 경기 침체,긍정적인 노동 시장 지표도 스태그플레이션 우려를 덜어준다.
시은,시중 은행,시은으로 전환하다.
시장가,현실 가격,"시장가 주문은 종목 및 수량은 지정하되, 가격은 지정하지 않는 주문 방식이다."
시작가,시장이 열릴 때의 처음 가격,시장 상황이 나쁠 때는 2회 이상 유찰되기를 기다렸다가 경매 시작가를 최대한 낮춘 이후 입찰에 나섰다.
시장권,재화와 서비스의 거래가 이루어지는 지역의 범위,동유럽을 자국 시장권에 편입하려는 미국 자본가들도 걱정하기 시작했다.
시총,시가 총액,시총이 크다.
시판가,시장에서 일반에게 판매되는 가,시판가는 부가 가치세를 제외하고 1억 원이다.
시황,상품이나 주식 따위가 시장에서 매매되거나 거래되는 상황,경제가 점차 안정화하면서 시황이 좋아지고 있다.
액면가,"화폐, 유가 증권 따위의 표면에 적힌 가격","이 회사 주식은 1주당 액면가가 1,000원이고 발행 가격은 1,200원이다."
약세,시세가 하락하는 경향,증권 시세가 약세를 보인다.
약정가,매매 계약이 체결된 가격,약정가의 일부를 미리 지급하다.
어음,"일정 금액을 일정 날짜, 장소에 치를것을 약속한 보증서",어음을 발행하다.
전 위험 담보,보험 회사가 보상하는 위험 범위가 가장 넓은 보험의 조건,
엔고,엔화의 가치가 다른 나라의 화폐에 비하여 상대적으로 높아지는 현상,엔고 때문에 경비가 많이 들었다.
엔저,엔화의 가치가 다른 나라의 화폐에 비하여 상대적으로 낮아지는 현상,엔저여서 일본 여행을 싸게 다녀올 수 있었다.
여신,금융 기관에서 고객에게 돈을 빌려주는 일,여신 규제
여신액,금융 기관에서 고객에서 빌려주는 돈의 액수,여신액이 상승하다.
역금리,예금 금리가 대출 금리 보다 높은 이율,역금리 현상이 우려된다.
역담보,수입자가 통관이 보류된 물품에 대하여 통관을 요청하면서 함께 제공하는 담보,역담보를 제공하다.
역모기지,주택 연금,역모기지 상품들에 관심이 모인다.
역수입,일단 수출한 상품을 그대로 다시 수입함,역수입된 사례도 종종 발생하고 있다.
역수출,일단 수입한 상품을 그대로 다시 수출함,역수출된 사례도 종종 발생하고 있다.
연관재,서로 대용하거나 보완할 수 있는 재화,연관재의 가격이 수요에 영향을 미친다.
환차손,환율의 변동으로 인하여 발생하는 손해,갑작스러운 환율 변동으로 수출업계의 환차손이 컸다.
환차익,환율의 변동으로 인하여 발생하는 이익,환차익을 내다.
환금성,물건을 팔아서 돈으로 바꿀 수 있는 성질,귀금속은 환금성이 있다.
호황기,경기가 좋은 시기,사상 최대의 호황기를 기록하고 있다.
현거래,현금 거래,현거래는 법적 구속력이 없다.
현물 거래,현재 있는 물건을 곧 받아 넘기는 매매 계약,현물 거래가 중단되다.
하청,도급으로 맡은 일의 전부 또는 일부를 다시 맡거나 맡김,하청을 주다.
하급재,소비자의 소득이 늘수록 그 수요가 줄어드는 재화,하급재로 수요가 옮겨갈 가능성이 있다는 것이다.
폐장가,증권 거래소의 업무가 마감될 때의 가격,폐장가를 기록하는 등 폭등세를 이어 갔다.
특약,주된 계약의 내용을 보완하기 위하여 부가하는 계약의 내용,특약 사항
투찰가,경매에서 낙찰 받으려는 사람이 써넣은 희망 낙찰 가격,투찰가가 낮을수록 높은 점수를 부여하다.
트랜슈머,여행하거나 이동하면서 물건을 사는 소비자,트랜슈머를 공략하는 전략 중 하나다.
트윈슈머,다른 소비자의 사용 후기를 참고하여 상품을 구입하는 소비자,트윈슈머가 부각되고 있다.
퇴장률,"물건, 화폐를 쓰지 않고 묵혀두는 비율",퇴장률이 높다.
탈중개화,"은행 업무에서 예금, 대출, 유가 증권 보유 등 금융을 중개하는 비중이 줄어드는 현상",탈중개화 필요성을 강조했다.
타행,현재 거래하는 은행이 아닌 다른 은행,타행 송금
탈동조화,독자적인 경제 흐름을 보이는 일,탈동조화로 진입했거나 동조화 정도가 약화되는 추세가 뚜렷해졌다는 분석이 나와 주목된다.
쿼터제,"국제 수지의 조절과 국내 산업의 보호를 위해, 일정 한도 내에서만 할당된 물량을 수입하도록 의무화한 제도",쿼터제에 따라 일정량만 수입된다.
코스닥,우리나라의 장외 증권 시장,코스닥 지수가 오르다.
코스피,증권 시장에 상장된 모든 종목의 주가 변동을 날마다 종합한 지표,코스피 지수가 상승하다.
출발가,시장이 시작될 때의 가격,환율은 다소 내림 폭을 줄이며 출발가 수준을 보이고 있다.
총자산,소유하고 있는 경제적 가치의 총합,총자산을 늘릴 목표를 세우다.
총거래가,일정 기간에 물건이 거래된 값의 전체,총거래가는 급등했다.
총결산액,일정한 기간의 수입과 지출을 마감하여 계산한 전체 금액,총결산액은 손실이 발생했다.
채산,수입과 지출을 맞추어 계산함,채산을 맞추다.
채산성,수입과 지출이 맞아서 이익이 있는 성질,채산성이 낮다.
지디피,국내 총생산,국내 총생산은 그 나라 안에서의 총생산을 기준으로 한다.
중금채,중소기업 금융 채권,중금채가 유동성 자산으로 인정되지 않는 점은 여전히 문제라는 지적도 있다.
저인플레이션,물가 오름세가 둔한 상황,저인플레이션을 달성하기 위해서는 긴축적인 금융 정책을 사용할 필요가 발생했다고 볼 수 있다.
저점기,시장과 관련된 지표 따위가 가장 낮게 나타나는 시기,저점기를 지나 회복 국면을 맞이한 것으로 보인다.
재융자,조달한 자금을 상환하기 위하여 다시 자금을 조달하는 일,재융자 수요가 급증하였다.
재정,경제 상태,요즘 우리 회사는 재정 상태가 좋지 않다.
장세,주식 시장의 형세,하락 장세가 계속되고 있다.
장중가,시장 거래 중의 가격,장중가 기준으로 최고치를 경신하였다.
활황주,대량으로 거래되며 가격 폭이 큰 주식,활황주로서의 매력이 사라지기 시작했다고 전했다.
회전도,투자한 자금이 모두 걷히거나 구입한 상품이 모두 팔리는 정도,수익성의 저락은 연간 자금 회전도가 무디어지고 있음을 뜻한다.
흑자국,국가 간의 교류에서 수입보다 지출이 많아 잉여 이익을 가지고 있는 나라,한국의 주요 흑자국으로 자리매김했다.
할증제,정해진 값에 얼마를 더할 수 있도록 하는 제도,할증제를 도입할 계획이다.
핵심주,증시에서 가장 중심이 되는 주식,핵심주를 제외하고는 내림세로 속속 돌아섰다.
핀테크,모바일 금융 서비스,핀테크의 발전으로 금융 서비스가 모바일 디바이스를 통해 이뤄지는 기술의 혁신이 있었기 때문이다.
평잔,평균 잔액,시 금고의 평잔은 6월쯤 만기가 돌아오는 정기 예금인 것으로 알려졌다.
총수출량,다른 나라에 판 국내 물품의 양의 합계,캐나다 총수출량의 4분의 3이 미국으로 실려 가고 있다.
총부채,제삼자에게 지고 있는 금전상의 의무 합계,이는 총자산에서 총부채를 뺀 규모이다.
총생산량,일정한 기간 동안 생산된 모든 재화의 수량,총생산량을 구한다.
총수입액,다른 나라에서 물품을 사들여 온 액수의 전체를 합한 금액,지난해 총수입액보다 많이 수입했다.
비경합성,소비자가 늘어나더라도 기존 소비자의 소비량이 줄지 않는 속성,공공재는 비경합성과 배제 불가능성이라는 특성 때문에 시장에서 거래가 성립되지 않아 공공재에 관한 정부 개입이 불가피하다.
비공모발행,"새로 주식, 사채를 발행할 때 발행 회사와 특정한 관계가 있는 곳에서 모집하는 일",회사는 비공모발행을 통해 새로운 주식을 발행하였다.
비내구재,오랫동안 사용할 수 없는 재화,비내구재 시장은 단기적인 소비를 위한 제품보다는 오랜 기간 사용되지 않는 제품에 초점을 맞추고 있다.
비상장사,발행 주식을 증권 거래소에 내놓지 않은 회사,"정부는 비상장사가 상장사와 합병, 이에 따른 시세 차익을 얻는 경우에도 세금을 부과하기로 했다."
사외주,기업 외부의 주주가 소유하고 있는 주식,사외주가 올라가면 기업의 주가도 함께 상승할 수 있습니다.
상거래,상업상의 거래,상거래를 통해 새로운 거래 파트너를 발견하여 비즈니스 네트워크를 확장할 수 있습니다.
손모량,수출품을 정상적으로 생산하는 과정에서 생기는 원재료의 손실량,손모량을 최소화하기 위해 공정 생산 및 원재료 관리를 철저히 시행하여 생산성을 향상시키는 것이 중요합니다.
손보,손해 보험,손보를 합해 보험료를 기준으로 70조 원 남짓한 시장 규모를 보이고 있다.
수매가,거두어 사들이는 가격,햇벼 수매가 협상을 마무리했다.
수매제,"정부, 지방 자치 단체가 개인으로부터 물품 따위를 거두어 사들이는 제도",정부는 농가별로 매입 물량을 배정하고 농가에서 매입하는 현행 수매제의 기본 틀을 유지할 방침이다.
수탁고,수익  증권의 순자산 가치,지난해 자산 운용사들의 수탁고와 순이익이 모두 감소한 것으로 나타났다.
수협,수산업 협동조합,수협과 협업하기로 하였다.
순가치,자산의 순수한 가치,순가치는 기업이나 조직의 성과를 측정하는 데 중요한 지표로 사용된다.
순계,"예산의 계산에서 세입, 세출의 중복된 부분을 제외한 순수한 총계",예산의 계산에서는 순계를 중점적으로 고려해야 합니다.
시세,수요와 공급이 균형을 이루는 정도,재무상태표와 손익계산서에서는 세입과 세출의 중복된 부분을 제외한 순계를 나타내어 기업의 재무 상태를 파악합니다.
신경제주,첨단 산업 관련 주식,신경제주는 경제 발전 및 기술 혁신에 대한 투자 기회를 제공합니다.
순생산,일정 기간에서 처음부터 마지막까지의 유기물 양의 증감,순생산은 생산량과 소비량을 비교하여 생산 과정의 순수한 결과를 측정합니다.
연조,시세가 내릴 기세에 있음,"주식 투자자들은 연조를 파악하여 시세가 내릴 기세에 있음을 인지하고, 적절한 대응을 취해야 합니다."
연지급,수출입 거래에서 물건값을 거래 당일 지급하기 않고 특정 일자 이후 지급하는 일,국내 은행이 발행한 중장기 연지급 수입 신용장에 대해 일본 정부가 보증하는 형태로 인수 금융을 지원하는 계약 체결은 ㅇㅇ이 처음이다.
열등재,소득의 변화에 따라 소비가 반대 방향으로 변하는 재화,"최근 연구에 따르면, 열등재로 분류되는 제품은 소득이 증가할수록 수요가 감소하는 경향을 보입니다."
영구채,만기 상환일이 없이 매년 일정한 금액의 이자를 영원히 지급하는 채권,이번 신종 자본 증권은 5년 콜 옵션 보유 영구채 2400억 원과 10년 콜 옵션 보유 영구채 500억 원으로 구성된다.
영리사업,재산상의 이익을 위하여 경영하는 사업,그 회사는 영리 사업을 추구하여 지속적인 성장과 이익을 추구하고 있습니다.
황제주,꾸준히 수익을 내는 주식 상품,증권가에선 환산 주가가 100만 원을 넘으면 '황제주' '명품주'라고 부른다.
희석화,주식의 가치가 낮아짐,기업의 희석화로 인해 주식의 가치가 낮아지는 결과를 경영진은 염두에 두어야 합니다.
환금,한 나라의 돈을 다른 나라의 돈으로 바꿈,환금 서비스를 통해 한 나라의 돈을 다른 나라의 돈으로 손쉽게 교환할 수 있습니다.
환송금,현금 대신에 환으로 돈을 보내는 일,환송금 서비스를 통해 현금 대신에 환으로 돈을 보내는 일을 간편하게 처리할 수 있습니다.
환시장,외국환이 거래되고 외국환 시세가 이루어지는 시장,환시장은 국제적으로 경제 활동이 진행되는 중요한 장소입니다.
환율,자기 나라 돈과 다른 나라 돈의 교환 비율,"오늘의 환율은 1달러 당 1,200원으로 고정되어 있습니다."
하강장,주식 시장에서 가격이 하강하는 장세,증시의 전문가들도 올해 아세안의 증시가 하강장을 면치 못할 것이지만 중국만은 예외일 것으로 예상하고 있다.
판매가,상품 따위를 파는 값,원가의 상승으로 판매가를 올리다.
특정주,증권 거래소에서 특별히 지정한 대표적인 인기주,"이 회사는 증권 거래소에서 특정주로 지정되어 있으며, 투자자들 사이에서 높은 관심을 받고 있습니다."
틈새주,침체된 경기 속에서 호황을 누리는 업종의 주식,틈새주들이 부상하고 있다.
추진비,일을 처리하는 데 드는 비용,경기도는 이 같은 첨단 시스템 설치 비용을 추진비로 서둘러 마련하거나 다음 달 예상되는 2차 추경 예산안에 편성할 방침입니다.
총자산,개인이나 법인이 소유하고 있는 경제적 가치의 총합,총자산이 400조 원을 넘어섰다.
총산출,일정 기간 동안 생산된 재화와 서비스를 시장에 파는 가격으로 평가하여 합산한 총액,
채산성,수입과 지출이 맞아서 이익이 있는 성질,채산성이 낮다.
채산주,다른 투자 물건에 비하여 이익 배당률이 높아 투자 수익에서 유리한 주식,그 주식은 채산주로 평가되고 있습니다.
차월,기업이 금융 기관에 실제로 예금한 잔액보다 더 큰 액수의 수표를 발행하는 형식으로 단기 자금을 대출받는 일,차월은 유동성을 확보하는데 활용되고 있습니다.
차임,"엄청난 성장 잠재력을 갖고 있는 중국, 인도, 중동 아시아권 시장",해당 기업은 차임 시장에서의 성장 가능성을 고려하여 전략적으로 투자를 진행하고 있습니다.
차입선,돈이나 물건을 꾸어 들이는 출처,기업은 차입선을 통해 자본을 확보하여 사업 확장을 위한 자금을 조달합니다.
차주,주식의 신용 거래에서 증권 회사로부터 주식을 빌리는 일,차주는 단기적으로 주식을 대출받아 거래하는 것을 의미합니다.
차환,증권을 새로 발행하여 얻은 돈으로 이미 발행되어 있는 증권을 상환,차환 위험 완화하다.
채권,"국가, 지방 자치 단체, 은행, 회사 따위가 사업에 필요한 돈을 꾸기 위하여 발행하는 유가 증권",채권을 매입하다.
직구,직접 구매,O 씨는 사이트가 모두 영어로 돼 있어 처음에는 겁을 먹었지만 인터넷에서 이용 방법과 후기를 찾아보며 차근차근 따라해 보니 어렵지 않았다며 이제는 해외 직구에 빠져 국내에서 제값을 주고 사기 아까울 정도라고 말했다.
직판,중간 상인을 거치지 아니하고 생산자가 소비자에게 제품을 직접 팖,직판 대리점.
지정가,고객이 증권의 매매를 의뢰할 때에 지정하는 희망 가격,지정가 주문.
지준율,지급 준비율,지준율 인하하다.
증시,증권 시장,경기 불황으로 증시가 침체되어 있다.
중개비,두 당사자 사이에서 일을 주선한 대가로 받는 돈,"대부분의 해운 관련 거래는 런던, 뉴욕, 도쿄(東京) 등 외국 거래소에 의존하고 있으며 이들 거래소에 지불하는 중개비도 상당한 액수인 것으로 알려졌다."
종가,"증권 시장에서, 그날의 마지막에 이루어진 가격",종가는 지난해 이후 최고치다.
종금업,종합 금융업,"업종별로는 대형주 약세, 중소형주 강세 속에 광업과 종금업의 강세가 두드러졌다."
마진,원가와 판매가의 차액,유통 마진을 줄이다.
만기,어음 금액의 지급일로서 어음에 적힌 날짜,만기되다.
매수점,"물건을 사들일 때, 물건의 값이 적당한 지점이나 시기",매수점으로 제시된 1750선이 무너진 이후 주식 시장은 패닉에 빠졌고 환율은 마지노선으로 여겨지던 1200원대에 근접했다.
매여환,외국환 은행이 팔아넘기는 환,매여환이 있다.
무위험률,확실하게 장래의 수익을 기대할 수 있는 경우의 수익률,무위험률이 높다.
보완재,서로 보완 관계에 있는 재화,보완재 역할을 하다.
매도점,물건의 소유권을 다른 사람에게 넘기면서 받는 값이 적당한 지점이나 시기,섣부른 희망이나 낙관 때문에 매도점을 지나쳐서는 안 된다.
반등,물가나 주식 따위의 시세가 떨어지다가 오름,원화 반등.
반락,물가나 주식 따위의 시세가 오르다가 떨어짐,어제의 상승세를 지키지 못하고 주가가 반락으로 돌아섰다.
배당금,주식 소유자에게 주는 회사의 이익 분배금,배당금을 늘리고 있다.
배당락,어떤 주식의 배당 기준일이 지나 배당금을 받을 권리가 없어지는 일,올해엔 연말 배당락과 세금 회피를 위한 매도 물량이 쏟아질 가능성이 제한적이라는 분석이 나왔다.
복점,두 공급자가 경쟁적으로 동일 상품을 공급함,복점이 발생했습니다.
비수기,상품이나 서비스의 수요가 많지 아니한 시기,비수기에는 호텔 예약량이 크게 감소했습니다.
수요,어떤 재화나 용역을 일정한 가격으로 사려고 하는 욕구,수요와 공급의 균형을 맞추다.
수요갭,총공급에서 실현된 총수요를 뺀 나머지,수요갭이 크다.
수요량,수요의 크기를 나타내는 양,"수요량이 늘어나다."